Year,Afghanistan,African Union**,Albania,Algeria,Amal (Lebanon)*,ANC (South Africa)*,Angola,Anti-Castro rebels (Cuba)*,Antigua and Barbuda,Argentina,Armas (Guatemala)*,Armenia,Australia,Austria,Azerbaijan,Bahamas,Bahrain,Bangladesh,Barbados,Belarus,Belgium,Belize,Benin,Bhutan,Biafra,Bolivia,Bosnia-Herzegovina,Botswana,Brazil,Brunei,Bulgaria,Burkina Faso,Burundi,Cabo Verde,Cambodia,Cameroon,Canada,Central African Republic,Chad,Chile,China,Colombia,Comoros,Congo,Contras (Nicaragua)*,Costa Rica,Cote d'Ivoire,Croatia,Cuba,Cyprus,Czechia,Czechoslovakia,Darfur rebels (Sudan)*,Denmark,Djibouti,Dominican Republic,DR Congo,East Germany (GDR),Ecuador,Egypt,ELF (Ethiopia)*,El Salvador,EPLF (Ethiopia)*,Equatorial Guinea,Eritrea,Estonia,eSwatini,Ethiopia,FAN (Chad)*,Fiji,Finland,FMLN (El Salvador)*,FNLA (Angola)*,France,FRELIMO (Portugal)*,Gabon,Gambia,Georgia,Germany,Ghana,Greece,Grenada,Guatemala,Guinea,Guinea-Bissau,GUNT (Chad)*,Guyana,Haiti,Haiti rebels*,Hamas (Palestine)*,Hezbollah (Lebanon)*,Honduras,Houthi rebels (Yemen)*,Hungary,Iceland,India,Indonesia,Indonesia rebels*,Iran,Iraq,Ireland,Israel,Italy,Jamaica,Japan,Jordan,Katanga,Kazakhstan,Kenya,Khmer Rouge (Cambodia)*,Kiribati,Kosovo,Kurdistan Regional Government (Iraq)*,Kuwait,Kyrgyzstan,Laos,Latvia,Lebanon,Lebanon Palestinian rebels*,Lesotho,LF (Lebanon)*,Liberia,Libya,Libya GNC,Libya HoR*,Lithuania,LRA (Uganda)*,LTTE (Sri Lanka)*,Luxembourg,Madagascar,Malawi,Malaysia,Maldives,Mali,Malta,Marshall Islands,Mauritania,Mauritius,Mexico,Micronesia,MNLF (Philippines)*,Moldova,Mongolia,Montenegro,Morocco,Mozambique,MPLA (Portugal)*,MTA (Myanmar)*,Mujahedin (Afghanistan)*,Myanmar,Namibia,NATO**,Nepal,Netherlands,New Zealand,Nicaragua,Niger,Nigeria,NLA (Macedonia)*,Northern Alliance (Afghanistan)*,Northern Cyprus,North Korea,North Macedonia,North Yemen,Norway,NTC (Libya)*,Oman,OSCE**,PAIGC (Portugal)*,Pakistan,Palau,Palestine,Panama,Papua New Guinea,Paraguay,Pathet Lao (Laos)*,Peru,Philippines,PIJ (Israel/Palestine)*,PKK (Turkiye)*,PLO (Israel)*,Poland,Portugal,PRC (Israel/Palestine)*,Provisional IRA (UK)*,Qatar,Regional Security System**,Romania,RPF (Rwanda)*,RUF (Sierra Leone)*,Russia,Rwanda,Saint Kitts and Nevis,Saint Vincent,Samoa,Saudi Arabia,Senegal,Serbia,Seychelles,Sierra Leone,Singapore,SLA (Lebanon)*,Slovakia,Slovenia,SNA (Somalia)*,Solomon Islands,Somalia,South Africa,Southern rebels (Yemen)*,South Korea,South Sudan,South Vietnam,South Yemen,Soviet Union,Spain,SPLA (Sudan)*,Sri Lanka,Sudan,Suriname,Sweden,Switzerland,Syria,Syria rebels*,Taiwan,Tajikistan,Tanzania,Thailand,Timor-Leste,Togo,Tonga,Trinidad and Tobago,Tunisia,Turkiye,Turkmenistan,Tuvalu,UAE,Uganda,UIC (Somalia)*,Ukraine,Ukraine Rebels*,UNITA (Angola)*,United Kingdom,United Nations**,United States,United Wa State (Myanmar)*,unknown rebel group*,unknown recipient(s),Uruguay,Uzbekistan,Vanuatu,Venezuela,Viet Cong (South Vietnam)*,Viet Minh (France)*,Viet Nam,Western Sahara,Yemen,Yemen Arab Republic (North Yemen),Yugoslavia,Zambia,ZAPU (Zimbabwe)*,Zimbabwe,Total
1950,,,20,,,,,,,85,,,468,,,,,,,,198,,,,,,,,,,156,,,,,,264,,,1,2572,3,,,,,,,,,,90,,96,,2,,26,,152,,0,,,,,,2,,,,,,180,,,,,,,97,,,,,,,4,,,,,,56,,141,195,,4,,2,53,149,,,0,,,,,,,,,,,,0,,,,,,,,,,,,,,,,,,,,,,,,,,,,,,,,4,,,,154,41,,,,,,,861,,0,113,,,,,194,,,,,5,,2,,,,,190,19,,,,,4,,,,,,,,0,,,,,,,,,,,,37,,155,,,,36,1,,0,,,225,154,107,,,,,62,,,,,,117,,,,,,,,,101,,352,,,,68,,,63,,,,,,,,,,1,8083
1951,,,10,,,,,,,445,,,371,,,,,,,,485,,,,,6,,,615,,68,,,,,,294,,,247,2197,8,,,,,,,8,,,247,,72,,11,,,,46,,,,,,,,19,,,,,,997,,,,,,,500,,6,,,,,,,,,1,,53,,277,58,,6,,,97,232,,,,,,,,,,,,,,,,,,,,,,,,,,,,,,,,,,,,7,,,,5,,,,,,,0,,,,454,72,,,,,,,372,,,127,,,,,169,,,,,,,24,2,,,,575,21,,,,,76,,,,,,,,,,,,,,,,,,,,73,,256,,,,,,,,,,297,151,1,,98,,,91,,,,,,136,,,,,,,,,246,,695,,,,3,,,,,,,,,,182,,,11,11520
1952,,,11,,,,,,,38,,,410,,,,,,,,972,,,,,,,,,,102,,,,,,998,,,26,3430,15,,,,,,,12,,,707,,361,,43,,181,,0,,,,,,,,,,,19,,,1180,,,,,,,307,,,,,,,3,,,,2,,13,,104,14,,0,59,,73,897,,8,7,,,,,,,,,,,,1,,,,,,,,,,,0,,,,,,,,,,,,,,28,,,,,,,0,,,,423,148,,,,,,,211,,4,426,,,,,145,,,,,1,,85,1,,,,794,120,,,,,407,,,,,,,,7,,,,,,,,,,,,183,,266,,,,,,,0,,,316,321,20,,304,,,45,,,,,,337,,,,,,,,,535,,875,,,,39,,,25,,,,,,,490,,,2,16552
1953,,,20,,,,,,,4,,,153,2,,,,,,,1098,,,,,,,,133,,349,,,,,,1884,,,10,3144,12,,,,,,,13,,,1607,,648,,21,,102,10,1,,,,,,,,6,,,,,,1686,,,,,,,85,,,,,,,,,,,,,802,,430,6,,1,53,4,70,1309,,223,0,,,,,,,,0,,,,9,,,,,,,,,,,0,,,,,,,,,,6,,,,5,,,,,,,16,,,,975,13,3,,,,,,674,,,421,,,,,95,,,,,1,,17,32,,,,1021,284,,,,,809,,,,,,,,1,,,,,,,,,,,,53,,263,,0,,8,68,,17,,,431,169,18,,383,,,25,,,,,,171,,,,,,,,,1610,,1315,,,,3,,,195,,,,,,,525,,,8,23525
1954,,,22,,,,,,,5,8,,125,,,,,,,,604,,,,,2,,,112,,650,,,,4,,1123,,,40,3500,31,,,,,,,20,,,1008,,165,,2,,10,14,133,,1,,,,,,8,,,,,,1690,,,,,,,152,,2,,,,,,,,,1,,699,,265,16,,11,19,,2,308,,280,27,,,,,,,,5,,1,,3,,,,,,,,,,,,,,,,,,,,,,,,,3,,,,,,,39,,,,784,,15,,,,,,263,,,19,,,,,145,,,,,,,111,22,,,,1999,373,,,,,605,,,,,,,,2,,,,,,,,,,,,49,,158,,45,,70,88,,,,,319,142,9,,320,,,77,,,,,,172,,,,,,,,,537,,1896,,,,1,,,135,,3,10,,,,534,,,36,20043
1955,4,,132,,,,,,,0,,,637,11,,,,,,,361,,,,,,,,379,,365,,,,18,,1267,,,5,1730,13,,,,3,,,3,,,1062,,172,,6,,10,124,755,,1,,,,,,1,,,11,,,1624,,,,,85,,203,,8,,,,,,,,,,,222,,350,25,,30,61,,111,587,,412,34,,,,,,,,1,,2,,17,,,,,,,,,,,,,,,,,,,,,,,,,10,,,,,,,47,,,,719,38,27,,,,,,404,,1,168,,,,,195,,,,,0,,35,28,,,,1098,165,,,,,454,,,,,,,,16,,,,,,,,,,,,105,,351,,87,,945,197,,8,,,447,230,90,,622,,,49,,,,,,445,,,,,,,,,322,,1892,,,,2,,,64,,,19,,,,334,,,27,20485
1956,7,,98,,,,,,,39,,,451,98,,,,,,,682,,,,,,,,55,,305,,,,36,,685,,,90,2255,38,,,,0,,,35,,,573,,159,,7,,636,6,1160,,,,,,,,1,,,15,,,1567,,,,,1356,,92,,6,,,,,6,,,,9,,1,,366,42,,41,105,8,735,983,,763,62,,,,,,,,,,1,,,,,,,,,,,,,,,,,,,,,,,,,,,9,,28,,,,,30,,,,1171,148,1,,,,,,479,,,282,,,,,158,,,,,,,175,39,,,,687,90,,,,,448,,,,,,,,10,,,,,6,,,,,,,270,,461,,121,,1538,264,,1,,,541,313,135,,256,,,10,,,,,,300,,,,,,,,,141,,2071,,,,22,,,406,,,9,,,,352,,,8,24554
1957,89,,42,,,,,,,14,,,445,146,,,,,,,680,,,,,,,,152,,514,,,,10,,728,,,28,2126,15,,,,,,,11,,,203,,157,,1,,1079,,996,,17,,,,,,16,,,3,,,759,,,,,2270,,354,,,,,,,1,,,,1,,59,,980,30,,36,38,,133,763,,1059,,,,,,,,,,,1,,40,,,,,3,,,,,,,,,,,,,,,,,,,,12,,12,,,,,53,,26,,703,90,4,,,,,,428,,40,142,,,,,529,,,,,,,117,42,,,,1080,153,,,,,186,,,,,,,,72,,,,,,,,,,,,173,,290,,28,,1500,287,,2,2,,253,223,463,,436,,,88,,,,,11,608,,,,,,,,,93,,1371,,,,12,,,275,,,54,,,,229,,,,24083
1958,254,,47,,,,,,,70,,,534,11,,,,,,,897,,,,,26,,,139,,599,,,,4,,220,,,32,2778,298,,,,,,,23,,,562,,114,,17,,932,13,391,,,,,,,,23,,,25,,,1134,,,,,2817,,475,,,,,,,,,,,12,,259,,954,687,6,160,186,1,143,407,,1199,44,,,,,,,,2,,10,,74,,,,,,,,,,,,,,13,,,,,,,16,,,,12,,10,,,,,61,,26,,467,58,6,,,,,,827,,8,144,,,,,353,,,,,,,30,37,,,,1048,99,,,,,106,,,,,,,,37,,,,,,,,,,,,169,,264,,20,,1500,136,,20,5,,170,232,112,,739,,,15,,,,,,602,,,,,,,,,554,,701,,,,9,,,120,,,26,,,,112,,,61,25505
1959,405,,129,,,,,,,161,,,412,24,,,,,,,179,,,,,3,,,129,,165,,,,2,,308,,,20,3159,1,,,,,,,10,,,840,,203,,4,,581,,263,,,,,,,,6,,,41,,,815,,,,,1544,1,314,,5,18,,,,,,,,1,,331,,855,574,,109,170,,223,424,,668,4,,,,,,,,,,2,,11,,,,1,1,,,,,,,,,18,,,,,,,2,,,,,,13,,,,,29,,26,,146,,,,5,,,,579,,,110,,1,,,323,,,,,,,175,64,,,,994,48,,,,,97,,,,,,,,8,,,,,,,,,,,,68,,252,,20,,975,294,,31,4,,257,289,22,,921,,,10,,,,,13,916,,,,,,,,,543,,645,,,10,,,,9,,,59,,,,284,,,,21373
1960,40,,57,,,,,,,111,,,113,16,,,,,,,92,,,,,6,,,236,,474,,,,1,,171,,1,304,2431,5,,1,,,,,153,,,534,,139,,19,2,397,66,143,,,,,,,,24,,,54,,,526,,,,,2054,12,264,,16,33,,,,6,,,,,,599,20,544,441,,84,168,1,163,409,,809,30,1,,,,,,,44,,3,,,,,,,14,,,,,,,,,5,,,,,2,,21,,,,10,,22,,,,,6,,26,,302,119,2,1,,,,,405,,,145,,1,,,42,,,,,9,11,191,51,,,,853,31,,,,,113,,,,,,,,17,0,,,,,,,,,,10,13,,195,,43,,692,214,,4,9,,232,219,21,,472,,,28,,1,,,44,593,,,,,,,,,26,16,221,,,10,17,,,64,,,103,,,,259,,,15,17734
1961,56,,74,7,,,,2,,205,,,40,27,,,,,,,132,,2,,,4,,,212,,523,1,,,2,0,1576,2,1,38,936,62,,1,,,3,,523,,,667,,335,,11,9,200,,544,,,,,,,,4,,,65,,,321,,3,,,2039,107,82,,,0,,,,,,,,,,575,,1122,752,,107,118,,87,427,,338,15,8,,,,,,,,,4,,3,,,,,17,,,,,,,3,,2,,3,,,1,,30,,,,66,,37,,,,,17,,22,,317,111,8,1,1,,,,69,,23,93,,,,,69,,,,,,11,96,45,,,,849,157,,,,,27,,,,,,,,12,8,,,,,,,,,,2,,,180,,111,,175,103,,,15,,159,37,12,,108,,,52,,,,,6,312,,,,,,,,,34,0,238,,,18,0,,,32,,,95,,,,175,,,,16334
1962,64,,42,61,,,,,,48,,,571,56,,,,,,,188,,1,,,2,,,62,,494,,,,5,,1219,,,19,307,3,,,,,1,,1320,,,547,,58,,0,13,764,,686,,,,,,,,21,,,38,,,122,,,,,2478,20,330,,1,,,,,,,,,14,,292,,371,995,,127,278,,271,881,1,221,55,,,,,,,,10,,19,,13,,,,,2,,,,,,,,,31,,10,,,1,,109,,,,90,,93,,,,,14,,5,,378,8,6,,8,,,,181,,,60,,,,,88,,,,,11,15,14,11,,,,688,28,,,,,181,,,,11,,,,22,,,,,,,,,,,0,232,,132,,165,,174,55,,,19,,134,4,20,,146,,,108,,,,,,266,,,,,,,,,38,1,264,,,38,100,,,32,,,47,,,,397,,,16,17537
1963,40,,12,85,,,,,,19,,,378,201,,,,,,,573,,,,,4,,,128,,538,,,,11,2,1009,,,127,450,29,,0,,1,1,,283,,,585,,134,,7,32,762,3,737,,0,,,,,,27,,,237,,,162,,,,,3297,6,98,,7,0,,,,,,,,,,376,,647,180,,137,201,2,407,1212,1,204,39,,,,,,,,34,,15,,18,,,,,3,,,,,,,1,,75,,4,,,6,,60,,,,86,,14,,,,,27,,,,719,5,8,,9,,,,197,,1,227,,1,,,181,,,,,0,,24,4,,,,1001,41,,,,,227,,,,,,,,,0,,,,,,,,,,11,518,,218,,131,,237,14,,,8,,324,52,74,,320,,,108,,,,,7,582,,,,,,,,,139,,323,,,67,0,,,34,,,107,,,,624,,,20,20291
1964,56,,8,177,,,,,,19,,,537,73,,,,,,,648,,2,,,2,,,25,,326,1,,,41,0,740,,,34,395,9,,,,,,,247,18,,579,,482,,5,83,1026,3,843,,,,,,,,4,,,77,,,1300,,3,,,3723,40,631,,8,0,,,,1,,,,,,747,,920,552,,141,321,12,417,1133,0,1718,33,,,6,,,,,46,,7,,,,,,2,15,,,,,,,0,5,97,,,,,1,,38,,,,120,,16,,,,,18,,,,910,,0,1,2,,,,168,,,260,,1,,,85,,,0,,8,,18,2,,,,1564,45,,,,,418,,,,0,,,,5,4,,,,,,,,,,,301,,283,,80,,463,51,,0,36,,403,263,50,,347,,4,93,,0,,,4,835,,,,3,,,,,118,,326,,,76,2,,,2,,,248,,,,463,7,,,26483
1965,91,,140,350,,,,,,7,,,920,78,,,,,,,512,,,,,2,,,150,5,372,0,,,43,2,563,1,0,57,212,18,,0,,,,,130,22,,698,,449,,10,31,923,29,950,,1,,,,,,14,,,81,,,378,,0,,,3323,40,488,,5,17,,,,,,,,1,,667,,1049,296,,171,248,,437,727,,1154,55,,,15,,,,,25,,7,,34,,,,,9,,,,,,,7,,10,,,,,1,,11,,,,137,,82,,,,,19,,,2,745,10,0,1,56,,,,117,,,368,,1,,,214,,,,,1,,52,102,,,,1154,63,,,,,518,,,,0,,,,48,0,,,,1,,,,,,30,386,,631,,143,,485,382,,,5,,317,228,77,,478,,4,87,,0,,11,40,412,,,,1,,,,,152,,190,,,76,8,,,,,,639,,,,549,16,,,25073
1966,198,,74,437,,,,,,93,,,707,61,,,,,,,106,,1,,,1,,,57,1,218,0,9,,37,2,306,2,,74,227,32,,,,0,2,,232,,,690,,66,,9,26,1341,9,1533,,1,,,,,,99,,,42,,,106,,2,,,3211,24,213,,,,,,,,,,,6,,150,,994,16,,407,341,,319,409,,324,92,,,19,,,,,8,,14,,72,,,,,26,,,,,,,,,58,,1,,,,,21,,,,116,,159,,,,,3,,,0,183,407,2,,159,,,,855,,0,757,,2,,,594,,,,,1,,65,86,,,,980,241,,,,,401,,,,,,,,227,1,,,,8,,,,,,52,510,,570,,182,,583,302,,,5,,294,373,508,,326,,22,58,,,,0,,335,,,,16,,,,,216,,109,,,58,6,,,69,,,1126,,,,543,17,,,25047
1967,230,,163,524,,,,,,143,,,770,47,,,,,,,39,,,,8,14,,,218,18,329,,2,,20,3,237,,,150,145,15,,,,,3,,162,,,754,,72,,1,16,1189,21,2238,,0,,,,,,31,,,76,,,98,,,,,1351,1,376,,1,6,,,,,,,,,,290,,1265,1,,327,359,,283,106,3,605,126,,,2,,,,,,,14,,80,,,,18,12,,,,,,,12,,128,,10,,,,,14,,,,63,,147,,,,,13,,7,,742,4,,,45,,,,854,,,682,,7,,,153,,,,,5,,26,43,,,,745,283,,,,,442,,,,,,,,221,,,,,,,,,,,72,299,,130,,253,29,576,303,,,2,,339,177,889,,477,,1,140,,,,,5,593,,,,4,,,,,1422,,84,,,58,,,,216,,,1089,,,42,688,,,21,25515
1968,145,,265,57,,,,,,430,,,450,1,,,,,,,220,,,1,,17,,,236,1,250,0,,,15,3,336,3,,70,182,32,,1,,,26,,155,,,868,,71,,1,7,1256,5,1269,,20,,,,,,34,,,23,,,123,,4,,,1218,,107,,16,,,,0,,,,,,,271,27,1653,0,,760,380,,978,196,,552,48,,,2,,,,,104,,4,,1,,,,,57,,,,,,,1,,91,,,,,,0,,,,,15,,87,,,,,6,,14,,266,56,,,50,,,,1299,,,289,,5,,,418,,,0,,9,,188,16,,,,860,373,,,2,,591,,,,,,,,456,1,,,,6,,,,,,4,218,,357,,285,13,543,133,,,16,,222,199,805,,299,,,88,,1,,,17,426,,,13,27,,,,,2288,,70,,,58,10,,,20,,,1168,,,27,678,,,,26028
1969,92,,297,79,,,,,,230,,,818,12,,,,,,,240,,,,1,1,,,110,,526,1,3,,18,,516,,,21,2,121,,24,,,2,,155,,,846,,19,,0,28,834,1,1235,,3,,,,,,24,,,21,,,64,,4,0,,1243,,305,,1,0,,,,8,7,,,19,,447,,1515,9,,1305,405,,1381,607,,525,238,,,3,,,,,97,,6,,,,,,,155,,,,,,,1,,79,,2,,,,,,,,,14,,41,,,,,22,,14,,555,,,2,39,,,,605,,,524,,36,,,559,,,3,,,,89,26,,,,932,338,,,3,,399,,,,,,,,424,38,,,,138,,,,,,1,211,,499,,568,58,578,183,,2,177,,157,166,856,,583,,,124,,1,,,23,644,,,13,16,,,,,2570,,70,,,58,12,,,8,,,893,,,11,582,7,,,28574
1970,9,,250,14,,,,,,257,,,230,99,,,,,,,514,,0,,,2,,,219,5,764,1,,,6,,623,,,57,2,4,,9,,,7,,155,,,743,,312,,1,19,832,5,1674,,9,,,,,,89,,,15,,,44,,1,,,1407,,304,,,1,,,,,,,,,,22,,869,27,,1234,180,,1122,681,,644,130,,,0,,,,,54,,32,,,,,,,371,,,,,,,,,25,,,,,21,,82,,,,15,,80,,,,,4,,14,8,699,168,,1,14,,,,629,,,145,,26,,,423,,,15,,0,,35,9,,,,796,370,,,6,,561,,,,,,,,95,,,,,92,,,,,,,510,,93,,654,17,523,233,,,598,,122,141,859,,585,,11,250,,2,,,51,396,,,69,3,,,,,60,,38,,,18,10,,,15,,,1199,,,,548,4,,,25388
1971,149,,332,14,,,,,,376,,,313,123,,,0,10,,,499,,2,,,2,,,179,18,400,1,,,22,8,455,2,4,198,2,36,,27,,,17,,162,,,1100,,362,,2,165,573,85,1984,,1,,,,,,54,,,4,,,57,,24,,,2404,,581,,46,4,,,2,,,,,,,237,,1868,92,,1753,187,14,1341,1099,1,771,68,,,26,2,,,,109,,17,,7,,,,0,540,,,,,,,0,,195,,15,,,13,0,48,,,,13,,1,,,,,23,,,8,698,133,5,12,12,,,,1572,,,86,,60,,,553,,,18,,1,,157,90,,,,922,177,,,16,,474,,,,0,,,,10,12,,,,165,,,,,,,309,,235,,970,49,525,617,,33,87,,97,147,735,,351,,60,243,,1,,,0,941,,,24,3,,,,,171,,582,,,10,16,,,130,10,,1182,,,,477,165,,5,32591
1972,124,,134,180,,,,,,402,,,63,93,,,7,2,,,492,,,,,12,,,518,2,471,,,,106,1,376,,,51,2,167,,2,,,1,,452,,,956,,111,,7,15,994,41,3256,,,,,,,,53,,,26,,,33,,,,,853,12,689,,1,4,,,,,,,,,,121,,1815,5,,1434,627,27,891,1761,,670,66,,,9,6,,,,30,,14,,52,,,,1,534,,,,,,,0,0,112,,,0,,,,15,,0,,8,,,,0,,,4,,,3,662,20,5,,113,,,,569,,,68,,11,,0,664,,,2,,12,,184,52,,,,848,16,,,,,501,,,,0,,,,104,,,,,177,,,,,,21,291,,373,,2538,112,795,767,,47,69,,170,185,1502,,245,,47,147,,,,11,4,1095,,,26,20,,,,,217,,773,,,10,24,,,165,10,,1315,,,,321,29,,21,34274
1973,,,106,110,,,,,,243,,,716,22,,,0,76,,,580,,1,,,16,,,598,1,292,,0,,123,12,78,0,3,278,3,159,,,,1,,,420,9,,1058,,,,0,5,1058,15,2556,,1,,,,,,5,,,13,,,51,1,2,,,1742,8,246,,0,18,,,,3,,,,2,,393,,1337,73,,2091,1846,8,1959,1014,13,630,87,,,2,2,,,,,,43,,54,,,,,733,,,,,,,,,229,,,0,,1,,158,,,,58,,21,,1,,,,,,1,21,19,10,,7,,,,640,,,63,,71,,1,162,,,16,,0,,458,114,,,,1044,16,,,,,539,,,,2,,,,185,1,,,28,99,,,,,,165,369,,253,,629,83,583,906,,,23,,231,115,3276,,329,,118,338,,4,,2,26,789,,,88,17,,,,,234,,658,,,5,6,,,395,10,,1283,,,,167,19,,0,35999
1974,,,137,13,,,1,,,440,,,898,22,,,1,44,,,113,,,,,23,,,256,15,302,,,,23,,224,,13,292,3,1,,7,,,18,,408,,,1087,,39,,,9,936,22,1077,2,29,,,,,,16,,,172,,,46,,11,,,2132,19,418,,15,24,21,,2,4,,,,,,554,,1302,73,,2912,1425,6,1174,1111,8,997,184,,,28,2,,,,5,,1,,41,,,,,1767,,,,,,1,18,,74,,,,,5,2,61,,,,76,,198,,,,,,,,2,40,7,,3,24,,,,934,,9,55,,67,,,225,,,,,1,,555,53,,,,1064,117,,,,,683,,,,1,,,,378,17,,,,295,,,,,,283,193,,450,,352,68,957,583,,,3,,256,63,3420,,372,,182,113,,,,,14,1279,,,100,46,,,,,319,,586,,,5,5,,,252,10,,851,,,,160,9,,2,36812
1975,90,,53,56,,,241,,,260,,,108,6,,,,39,,,130,,,,,17,,,539,1,390,14,,,,,195,,10,184,3,287,,2,,3,,,200,,,837,,149,,2,445,560,40,565,2,46,,,,,,58,,8,127,,23,45,,34,,,1835,28,912,,47,2,10,,0,1,,,,31,,495,27,1108,4,,5272,1125,9,1624,1011,4,1668,372,,,25,2,,,,77,,37,,11,,,,,1637,,,,,,,6,,85,,11,,,5,,104,,,,190,,207,28,,,,53,,,15,96,48,,,424,,,,636,,9,49,,181,,,229,,,27,32,20,,548,132,,,,963,326,,,38,,646,,,,3,,,,479,,,,,255,,,,,,128,226,,654,,,12,771,1185,,1,,0,292,136,1411,,344,,48,87,,15,,,15,641,,,153,123,,,,,337,,388,,,,3,,,230,,,485,,,,564,48,,42,37324
1976,230,,5,130,,,181,,,489,,,91,12,,,,70,,,184,,,,,16,,,571,0,368,8,,2,,29,53,,8,415,3,10,1,2,,,,,316,,,213,,356,,12,132,1316,225,159,,19,,,,,,135,,4,90,,,196,,47,,,1387,39,1288,,15,18,12,,15,1,,,,30,,378,,1935,156,,4570,1136,,1939,711,1,1656,337,,,17,,,,,230,,21,,3,,,,2,1875,,,,,,,,2,394,,89,,,15,,69,,,,26,,216,33,,,,10,,,6,266,7,8,,104,,,,503,,0,35,,150,,,274,,,6,,3,,372,256,,,0,785,64,,,26,,295,,,,,,,,612,15,,,1,254,,,,,,180,415,,556,,,,800,831,,0,,5,214,142,527,,484,,,148,,50,,,10,360,,,283,34,,,,,251,,499,,,,53,,,170,,,42,,,,526,109,,19,35471
1977,75,,7,1048,,,105,,,194,,,278,,,,2,62,,,187,,,,,1,,1,545,,492,9,,,,73,90,,3,58,75,8,1,,,,22,,609,,,300,,368,3,,31,1092,571,410,,10,,,,,,1107,,,30,,,204,,28,,,1042,,980,,1,8,,,5,0,,,,25,,394,,2369,62,,5626,1059,5,1261,517,3,960,464,,,58,,,,,490,,134,,8,,1,,,3056,,,,,,,,6,146,,,,,29,,39,,,,24,,408,150,,,,9,,,,584,34,19,,89,,,,314,,13,27,,250,,,264,,,4,3,,,933,198,,,0,924,94,,,55,,349,,,,1,,,,951,41,,1,,171,,,,,,44,501,,1198,,,8,876,321,,17,26,10,100,4,931,,802,,44,104,,1,,,73,295,,,304,5,,,,,256,,384,,,,2,,,213,,,42,,,,594,40,1,4,39953
1978,281,,5,1264,,,146,,,424,,,1029,8,,11,12,45,,,412,,26,,,11,,1,872,46,876,,,,43,,130,0,,157,86,12,,35,,6,16,,503,,,560,,362,6,,38,1149,192,135,,3,,4,,,,965,0,,105,,,241,,77,,,691,18,1281,,1,45,14,,1,9,,,,29,,660,,1199,124,,3784,1782,28,1326,689,4,1078,593,,,211,,,,,487,,26,,2,,,,1,4214,,,,,,,,7,72,,,8,,17,,68,,,,42,,419,492,,,,25,,,,699,,13,2,141,,,,370,,14,24,,81,,,649,,,5,2,9,,748,143,,,,1112,128,,,16,,298,,,,,,,,1020,20,,,2,50,,,,,,57,383,,376,,,55,803,446,,7,208,,198,217,871,,789,,63,191,,9,,,14,984,,,217,,,,,,179,,369,,,,8,,,59,,,227,,,,406,42,0,13,42469
1979,360,,,1823,,,111,,,441,,,192,72,,,10,1,,,792,,6,,,52,,7,394,64,323,,,18,,1,190,,,138,10,36,,25,,2,38,,410,,,498,,57,36,,15,941,110,630,,11,,,,,6,113,,,47,,,107,,,,,65,7,739,,5,69,24,,5,,,,,9,,485,,1199,369,,533,1359,27,698,601,,985,279,,,56,,,,,198,,,,19,,5,,,3166,,,,,,,64,8,310,,,,,24,3,62,,,,29,,725,111,,,,19,,,,774,,,57,108,,,,239,,740,47,,43,,,690,,,,,1,,639,92,,,0,1127,5,,,14,,643,,,,,,,,765,29,,19,,338,,,,,,48,126,,1349,,,1082,842,656,,,4,,249,226,2045,,552,,260,306,,9,,,122,917,,,18,,,,,,219,,253,,,,9,,,14,,,1249,0,,,762,4,0,,38033
1980,352,,,1342,,,153,,,440,,,404,195,,,22,55,,,577,,,,,39,,2,356,,580,0,1,,34,,441,0,10,147,6,12,,17,,0,55,,349,,,468,,483,5,9,10,909,296,1001,,12,0,1,,,,330,,,328,,,70,,33,,,150,38,677,,8,,2,,4,,,,0,13,,384,,1768,898,,278,2242,44,1260,475,,1057,384,,,119,,,,,35,,35,,37,,3,,,2941,,,,,,,43,14,127,,,1,,,,75,,,,60,,467,52,,,,40,,,,621,,,7,474,,,,417,,700,254,,12,,,854,,,3,,18,,697,75,,,4,1090,36,,,57,,523,,,,,,,,1090,,,6,42,410,,,,,,122,195,,914,,,1221,767,688,,18,3,,247,272,1859,,525,,53,322,,28,,22,103,487,,,204,,,,,,544,,380,,,30,21,,,367,,,1017,,,,495,136,,,41698
1981,382,,,1386,,,241,,,851,,,449,73,,,40,62,9,,521,,,,,28,,11,61,8,984,9,5,,,28,452,1,,148,2,28,,3,,,18,,964,,,824,,479,2,5,12,824,152,1176,,5,1,,,,,328,,,119,,,106,,36,3,,261,48,971,,47,1,1,,14,3,,,0,27,,143,,2123,790,,487,2573,12,1654,129,0,1337,401,,,144,,,,,13,,54,,9,5,,,,3172,,,,,,,0,14,56,,91,,,19,,115,,,,72,,798,60,,,,,,,1,757,31,41,,331,,,,261,,149,435,,72,,,485,,,4,2,5,,858,39,,,12,807,57,,,48,,475,,,,,,,,1810,,,,,167,,,,,,97,119,,887,,,499,804,630,,,209,0,454,289,1338,,795,,121,350,,19,,6,56,731,,,429,,,,,,800,,531,,,85,100,,,917,,,1080,25,,,440,252,,15,45400
1982,294,,,1357,,,379,,,407,,,129,97,,,55,128,,,438,,10,,,2,,,72,12,610,1,3,26,,113,276,2,,343,13,18,,11,,,,,964,5,,897,,473,3,31,15,1065,257,2493,,32,1,5,,,,516,,,132,,,142,,5,,,453,,463,1,16,1,,,,4,,,0,30,,179,,2275,357,,541,3261,3,866,247,,1450,1061,,,91,,,,,176,,1,,36,5,,,,2768,,,,,,1,,,25,,4,,,16,,343,,,,152,,527,64,,,2,38,,1250,,1243,62,67,6,642,,,,547,,45,457,,182,,,537,,,13,4,3,,271,17,,,14,725,184,,,129,,445,,,,,,,,2214,7,,2,,176,,,,,,61,47,,677,,,41,671,507,,,90,2,171,175,1973,,808,,9,82,,4,,,60,483,,,160,14,,,,,756,,248,,,86,15,,,701,,,532,,,,631,42,,81,45656
1983,236,,,697,,,574,,,1316,,,632,145,,,10,109,,,583,,3,,,,,,87,85,764,16,11,,13,5,649,6,36,140,25,303,,25,7,,,,770,19,,806,,231,3,,5,933,388,1692,,15,0,,,,,353,,,112,,,108,,11,,,434,,403,,1,1,,,3,3,,,0,33,,173,,2637,228,,509,3369,,487,306,,1695,786,,,20,,,,,288,,94,,93,,1,,,1410,,,,,,,8,,275,,15,,,,,116,,,,114,,394,59,,,2,,,1250,,1333,100,47,25,41,,,,509,,9,441,,356,,,777,,,8,,1,,317,117,,,,529,12,,,468,,284,,,,4,,,,1818,38,,15,1,245,,,,,,23,216,,496,,,99,725,604,,,25,,179,442,2233,,735,,,254,,2,,,103,477,,,164,,,,,,286,,463,,,87,17,,,242,,,916,7,,,599,,,34,44049
1984,368,,,656,,,479,,,727,,,622,13,,,131,59,1,,575,0,1,,,,,,119,60,943,9,2,,67,126,646,1,9,448,71,662,,25,1,0,9,,426,24,,919,,72,,25,16,1140,349,1511,,60,,,,,,273,,,127,,,73,,98,,,412,,366,,7,,11,,7,,,,1,25,,307,,2782,100,,465,4535,11,286,273,,2052,478,,,12,,,,,494,,26,,192,,,9,,731,,,,,,,,1,543,,13,,,0,,,,,,110,,72,94,,,7,,,1250,3,1173,41,165,3,359,,,,283,,98,337,,120,,,856,,,0,2,3,,356,39,,,,462,109,,,328,,240,,,,6,,,,834,4,,,3,83,5,,,,,15,125,,524,,,71,914,81,,48,106,8,93,404,1809,,441,,,351,,,,,116,549,,,312,,,,,,633,,382,,,87,,,,231,,,557,,,,293,18,,26,41717
1985,153,,,368,29,,528,,,485,,,511,28,,,55,81,,,287,,3,,,18,,4,83,,600,2,,,68,16,848,6,1,8,113,7,,3,,1,,,352,33,,1160,,89,1,2,1,1376,23,974,,41,,,,,,247,,,206,,,20,,2,,,130,5,189,,25,,,4,23,10,,,1,35,,229,,2999,289,,548,3965,2,309,205,5,1975,292,,,6,,,,,621,,59,,71,,0,,,750,,,,,,,6,6,405,,0,,,3,1,8,,,,98,,50,73,,,7,,,802,3,892,9,87,,569,,,,1038,,101,122,,88,,,747,,,7,,35,,213,23,,,,922,154,,,2,,330,,,,3,6,,,1319,,,,,123,7,,,,,42,26,,764,,,52,1004,327,,42,65,,84,341,1575,,655,,,188,,,,,319,678,,,144,10,,,,,355,,654,,,87,12,,,517,,,28,,,,354,,,28,38184
1986,284,,,146,31,,703,,,219,,,815,19,,33,134,4,,,91,,,,,15,,,135,13,920,3,,,134,11,810,,29,171,20,6,,,5,1,,,281,40,,808,,16,8,0,1,680,25,1486,,5,,,,,,348,,,100,,,100,,7,,,310,,202,,2,39,35,4,,,,,1,75,,80,,4265,432,,803,3381,38,1185,198,3,1893,250,,,26,,,,,168,,,,,,10,,5,401,,,,,,,,10,141,,,,,,,143,,,,27,,31,6,,,29,8,,,,791,29,88,3,211,,,,1097,,,141,,49,,,280,,,,8,4,,250,,,,0,1382,5,,0,2,,455,,,,2,,,,2838,14,,10,,75,10,,,,,15,206,,869,,,74,1379,1089,,27,9,5,144,108,1262,,968,,1,162,,16,0,,,472,,,137,,,,,13,273,,420,,,87,,,,92,,,78,39,,,343,,,212,39095
1987,561,,,367,,,1186,,,217,,,592,7,,,250,1,,,91,,1,,,,,26,230,,437,,,,50,5,787,,28,154,56,4,1,,14,,,,73,34,,663,,99,1,,36,376,40,1648,,,,,,,,239,,,69,,,84,,10,,,320,13,36,,0,,,,,,,,1,13,,77,,3929,264,,833,3464,,1080,183,,1946,143,,,176,,,,,50,,29,,,,,12,7,184,,,,,,,,1,5,,,,,,,154,,,,36,,32,,,,59,,,,,614,5,151,,115,,,,848,,,198,,40,,,616,,,,12,,,614,26,,,,1029,9,,1,57,,214,0,,,,,4,,2001,18,,,18,277,17,,,,,,19,,771,,,89,1533,1091,1,110,122,2,142,151,1409,,598,,,534,,0,,0,56,1429,,,199,31,,,,14,207,,1993,,,87,,,6,73,,,50,,,,328,,,29,39435
1988,1047,,,319,,0,965,,,71,,,743,117,,,136,242,,,407,,0,,,56,,40,125,,246,12,,,10,1,712,2,9,84,104,37,,28,,,,,167,124,,588,,98,,3,1,606,26,427,,,,,,,,155,,,144,,,133,,22,,,429,,526,,0,,20,,,,,,1,44,,37,,3855,289,,478,1897,24,582,179,,1997,247,,,,2,,,,7,,18,,,15,,52,,9,,,,,,,,2,14,,2,,2,,,97,,,,27,,111,,,,21,,,18,,383,61,63,,62,,,,853,,80,308,,19,,,411,,,23,6,14,,240,12,,,,899,90,,,91,,192,,,,2,,,6,775,,,1,,542,1,,,,6,,5,,1220,,,12,1611,1942,1,19,77,,126,179,1312,,658,,,618,,0,,,17,1628,,,42,1,,,,,281,,1788,,,87,16,,,105,,,65,2,,,712,,,2,36671
1989,2151,,,455,,,152,,,14,,,692,84,,,71,302,,,203,,0,,,66,,4,738,,336,,6,,119,3,37,,56,140,199,218,,44,,2,2,,94,28,,873,,187,,,,641,20,297,,,,,,,,47,,,85,1,,107,,10,12,,707,2,1220,,4,40,,,,,,,1,17,,65,,3691,245,,192,1490,,24,196,4,2283,59,,,47,,,,,134,,,,,,8,20,12,218,,,,,,,,3,38,,,,,8,,63,2,,,,,126,,,,11,34,,36,1,694,26,14,,15,,,,595,,,667,,119,,,962,,,2,6,,,10,19,,,,499,135,,,10,,275,,,,2,,,,1382,,,,,233,,,,,,,11,,1849,,,45,1201,840,,5,16,,105,318,663,,364,,5,285,,,6,,48,1017,,,666,20,,,,1,209,,1783,,,41,41,,,120,,,128,,,,330,,,,35280
1990,1865,,,733,,,140,,,159,,,352,5,,2,362,188,,,314,,,,,,,22,136,4,759,,6,,45,8,150,,,135,306,13,,44,,,,,169,70,,277,,128,,,5,398,3,563,,,,,,,,2,,1,90,2,,65,,29,,,716,4,907,,0,1,20,,,,,,0,,,14,,2861,202,,454,818,,81,153,,2682,16,,,43,9,,,,327,,8,,,,,,3,11,,,,,,,,10,,,1,,,16,10,34,14,,,,,137,,,,,271,,,,273,23,102,,18,,,,294,,,369,,60,,,623,2,,,4,6,,97,33,,,,227,70,,,5,,606,,,,1,,,,2043,,,0,,522,,,,,,16,11,,1214,,,,693,699,,19,4,,94,438,739,,479,,,235,,,6,,4,1241,,,564,,,,,,120,,363,,,,41,,,190,,,116,4,78,,310,,,2,30424
1991,1411,,,1035,,,,,,,,,213,6,,3,68,79,,,125,,,,,11,,2,168,4,340,2,,,,,752,,,109,477,72,,18,,,,1,159,83,,57,,154,1,,,,136,887,,21,,,,,,80,,,64,,,948,,,,,694,1,487,,0,1,6,,,,,,1,,,22,,1896,11,,1022,,11,1210,202,,2940,24,,,14,,,,,516,,,,,,4,0,,,,,,,,,,,33,,,,6,18,,40,,,,,,62,,,,,232,,,,322,42,1,14,3,,,,197,,,322,,,,,498,,,,10,3,,107,34,,,,76,1012,,,17,,63,,,,2,,,,1033,,,,,370,,,2,,6,,26,,921,,,,132,109,,167,46,,55,474,320,,663,,,580,,9,6,,20,1279,,,238,,,,,,940,3,491,,,11,63,,,320,,,,,113,,140,,,42,28235
1992,,,,23,,,,,,27,,,364,5,,,42,113,,,48,,,,,25,,2,84,,42,,,7,,3,407,1,,170,1211,36,,,,,0,27,,26,,,,72,19,,2,,4,973,,4,,,,2,,,,3,442,,,424,,,,,685,,2129,,,,,,,,,,1,,,,,1190,51,,432,,,1335,184,,2519,,,,,,,,,896,,,0,40,,,0,,,,,70,,,,,,13,2,,13,,,,19,,,8,,,17,,,,,29,,,1,237,55,,,58,,,,137,,,253,,,,,352,,,2,10,1,,124,43,,,,100,19,,,63,,185,,,40,5,,,,1118,,4,,1,111,,,10,,,,361,,795,,,,,207,,22,6,,60,386,240,,479,,18,426,,8,,,32,1879,,,201,,,,,,1134,,484,,,11,25,,,73,,,,,,,,,,60,24073
1993,,,,22,,,122,,,,,2,448,8,50,,1,47,,,73,,,,,16,6,11,49,,1,7,,,2,,196,,,85,1243,68,,,,3,,27,,10,,,,51,5,,,,18,1257,,2,,,21,3,,,,,406,,,96,,,,4,535,,894,,13,,5,,,,,,1,,,935,,740,212,,985,,,716,201,,2121,1,,,,,,,,694,,,8,40,,,,,,,,10,,,,,,13,,,,,,8,160,,,,,,98,,,0,,331,,,,140,36,,,41,,,,92,,,181,,55,,,972,,,,,,,42,62,,,,4,350,,,10,,14,,,,,,,,2358,,2,,,170,,146,22,,,,244,,1024,,,,,299,,35,,,46,102,171,,1157,,,183,,,,,,2329,,,578,,,,,,783,14,912,,,19,18,,,38,,,,,,,,,,0,25727
1994,,,,186,,,111,,,209,,181,262,38,25,,8,61,,,47,,,,,9,6,,306,,1,,,,72,,473,,3,81,320,42,,,,,,53,,39,,,,88,,,,,13,2020,,,,,18,15,,,,6,252,,,80,,,,,423,11,1212,,4,,,,,,,,0,,,2,,886,471,,446,,41,761,195,,1017,5,,,30,,6,,,36,,,12,18,,,,,,,,,,0,,,4,308,,0,,,16,,134,,,3,,,117,,,0,,97,2,,,205,16,,,95,,,,34,27,,93,,145,,,862,,5,,1,,,175,72,,0,,74,453,,,9,,29,,,,,,,,981,1,2,,7,179,,29,11,,,,239,80,1029,,,,,853,,74,,,307,118,19,,858,27,4,610,,3,,,35,1891,,6,565,,,,,,411,49,935,,,5,11,,,1,,,,,4,,,,,,22916
1995,,,26,299,,,1,,,43,,47,64,22,,,71,119,,,16,,,,,2,,11,239,,1,,,,1,,405,,1,332,716,35,,,,,2,1,,33,1,,,134,2,,0,,44,1703,,4,,,7,17,,,,12,195,,,97,,,,,228,,871,,4,,,,,,,,1,,,1,,1403,283,,290,,,366,327,,1243,19,,99,,,,,,635,,,14,42,,,,,,,,4,,0,,,,843,,,0,,2,,53,,,9,,,28,,,,,223,4,,1,82,7,,,2,,,,139,0,,78,,278,,,365,,1,,,,,46,28,,,,250,20,,,10,,2,,,,,,,,983,6,8,,14,302,,208,22,,,,38,,1965,,,,,355,,64,3,,106,93,35,,1318,,,530,,3,,,56,1564,,,421,32,,,,,496,11,741,,,9,12,,,5,,,281,,171,,,,,,22855
1996,,,,83,,,44,,,28,,70,597,9,,,51,7,,,3,0,1,,,,58,32,536,17,122,,,,26,4,419,,,164,1511,49,,,,,,12,,170,25,,,75,,4,61,,29,969,,4,,,41,1,,,,,552,,,64,,,,,246,7,380,,2,,,,,,,,2,,,156,,851,379,,611,,,108,280,,859,75,,2,,,,,,1189,,,0,27,,,,,,,,15,,,3,21,,33,,,1,,2,29,92,,,,,,89,,,,,118,,,,203,7,,,15,,,,73,,,151,,286,,,500,6,9,0,0,2,,119,41,,,,102,8,,,200,,39,,,,1,,,,1724,,1,,,165,5,29,20,,,,38,,1984,,,,,424,,207,27,,98,187,35,,1433,,4,734,,,0,,68,1484,,,480,,,,,,568,,555,,,3,4,,,35,,,213,,,,,6,,,23705
1997,,,,37,,,7,,,105,,,35,182,,,198,26,,,50,,,,,,76,71,465,31,,,,,21,6,351,,,285,945,190,,27,,,0,41,,98,6,,,77,,,6,,99,1040,,,,,53,12,,69,,,397,,,223,,,,4,60,5,807,,,,,,,,,,0,,,99,,1673,103,,174,,,59,519,,830,77,,64,58,,,,,478,,42,0,9,,,,,,,,,,,,,,553,0,9,6,,8,1,485,6,,,,,220,,,,,231,4,,,126,309,,3,1,,,,9,,,158,,158,,,692,,,12,7,,,373,70,,0,,1,0,,,244,,61,,,,2,,,,2790,,13,,16,619,,,9,,,,11,,1230,,,,,211,,48,63,,196,379,35,,4746,,,935,,9,,,39,1512,,,686,,,,,,496,,567,,,,19,,,37,,,110,,,,,,,,28815
1998,,,,98,,,149,,,171,,,542,228,,,8,1,,41,55,,,,,,2,2,232,7,,,,9,,9,115,,7,88,401,162,,0,,,,,,7,0,,,116,,6,10,,31,482,,2,,,214,4,,211,,,560,,,171,,,,28,543,,1719,,1,4,,,,,,,0,,,45,,757,87,,377,,3,1289,56,10,1476,248,,,,,,,,46,,21,0,8,,5,,,,,,15,,0,,,,39,8,4,0,,4,,19,,,,,,,,,,,156,5,,,269,15,,,,,,1,9,11,,152,,22,,,699,,,,,,,51,64,,,,3,16,,,302,,170,,,,9,,,,2886,,6,,,804,,,4,2,,,,,1417,,,,,86,,83,,,294,435,55,,3939,,,76,,,,,18,2626,,,753,55,,,,,752,1,249,,,4,27,,,8,,,220,,1,,,,,1,27712
1999,,,,370,,,358,,,276,,2,678,48,,,,186,,41,58,,,,,9,25,,376,4,7,0,,,,4,192,,7,207,1746,44,,1,,,2,,,113,1,,,70,,1,46,,16,517,,,,3,31,1,,155,,,768,,,105,,,,23,129,7,842,,,,,,,,,,0,,,71,,1215,163,,319,,33,1191,25,10,1244,63,,72,,,,,,198,,30,4,4,,,,1,9,,,5,,0,1,,,720,,,,,,,130,,,,,,60,2,,,,141,,18,,278,305,,,,,2,,179,81,,155,,,,,868,,,,,,,96,,,,,25,3,,,61,14,142,,0,,20,,,,1580,,1,,12,308,,,19,,,1,21,,1636,,,,,361,,62,36,23,224,506,58,,1736,,,172,,,,,12,1733,,,436,39,,,,,132,7,222,,,,9,,,85,,,164,,52,,,,,25,25097
2000,,,,402,,,147,,,207,,,326,25,3,33,299,203,,,35,1,,,,19,,53,137,,,,,1,,,576,,,226,2517,60,,0,,,0,,,4,13,,,50,1,13,88,,,834,,,,,20,27,1,117,,,472,,,98,,,,6,113,1,709,,,18,,,,,,,0,,,14,,983,146,,414,,0,354,271,,483,136,,121,12,,,,,227,,7,3,4,,,,8,,,,6,,1,,,,25,,7,0,,31,,215,,,,,,125,,,,,16,,,,123,,,,36,,19,,18,17,,229,,118,,,176,,,,,,,18,,,,,148,2,,,3,,21,,,,14,,,,84,,1,,,788,,0,2,,,,6,,1399,,,,,320,,293,,2,206,22,64,,592,,2,85,,,,11,,1180,,,245,6,,,,,937,30,302,,,,4,,,106,,,7,,158,,,43,,3,19303
2001,,,,539,,,156,,,6,,,1217,15,,,28,279,,,29,,,,,,,15,631,5,,,1,,,6,538,,16,60,2805,268,,,,,,57,,180,57,,,146,,5,11,,10,829,,,,7,57,,1,,,,7,,,61,,,,85,133,12,787,,,6,,,7,,,,0,,,14,,1201,24,,522,,42,116,238,,420,160,,139,,,,,,67,,,13,,,6,,,,,,16,,,,,,26,,,0,,,,149,,,,,,11,,,,,154,21,18,11,164,45,,,9,0,207,,28,112,,99,,32,,,412,,,,,6,,10,10,,,,33,19,,,,,24,,,,,,,,60,,27,,,247,,,41,,,,18,,774,,,,,144,,158,106,,165,67,28,,342,,,116,,,,0,,508,,,183,,,,,,1282,,463,1,0,2,,8,,106,,,95,,85,,,,,10,18689
2002,34,,,249,,,148,,,15,,,643,81,89,,54,33,,,48,,7,,,,,1,223,1,,,3,,,10,436,,,74,2865,170,,,,,31,2,,66,42,,,40,3,0,18,,1,718,,19,,,18,1,,20,,,16,,,38,,,,,71,1,401,,,,,,2,,,,3,,,,,2031,63,,433,,21,337,240,,431,132,,20,,,,,,23,,,3,,,,,,,,,13,0,1,,,,153,,1,4,,27,,96,,,,,,155,,,,,157,11,,9,247,17,,,6,,,,9,,,90,,39,,,559,,,1,,,,16,5,,,,256,,,,,,21,,,,,,,,560,,,,,232,,27,2,,,,,,470,,,,,271,,42,49,,74,62,45,,291,,1,152,,,,2,44,872,,,221,33,,,,,720,,471,,0,,13,9,,44,,,58,,592,,,2,,,17681
2003,,,2,195,,,48,,,11,,,782,41,,,1,8,,,21,,,,,5,,10,110,0,2,,,,,,153,,,187,2325,145,,8,,,61,24,,6,94,,,50,,8,,,,632,,10,,,17,13,,174,,,242,,,55,,,,1,63,6,2163,,,2,,,,,,,0,,,,,2743,353,,280,,,179,568,,455,281,,,,,,,,43,9,0,25,,,,,,,,,1,,,1,,,196,,3,,,7,,20,,,,,,12,1,,,,100,,,9,128,157,,5,64,,,,8,,,9,,37,,,645,,,,,,,22,10,,,,347,29,,,,,17,,,,,,,,160,,,,,83,,,17,,,,,,752,,,,,249,,34,204,,66,117,69,,115,,51,131,,,,,1,331,18,,681,,,,,,769,,567,,,0,,,,15,,,22,,58,,,,,16,18963
2004,,,,242,,,8,,,161,,118,464,56,4,,10,32,,,15,,,0,,1,,9,85,0,12,,,,,,353,,,70,3225,18,,7,,,9,8,8,16,6,,,232,4,35,,,15,653,,,,7,80,8,,239,,,67,,,93,,6,5,37,237,35,1098,,,,,,,,,,1,,,72,,2214,75,,119,74,25,846,450,,388,169,,47,,,,,,2,5,,12,,,1,,,,,,47,,,,,,73,,,4,,,10,327,,,,,,14,,,,,194,16,,34,130,99,,,11,,,,8,,,6,,49,,,465,,,,,4,,47,34,,,,223,70,,,,,285,,,,,,,,1163,,,,,377,,1,17,,,,,,1051,,,,,305,,48,293,,47,203,25,,319,,,120,,,,,,257,21,,1145,36,,,,,215,2,537,,,0,,,,9,,,294,,248,,,,,14,21181
2005,33,53,7,159,,,38,,,3,,,463,26,53,3,66,10,,6,3,,,,,1,,,223,1,132,12,,,,5,118,,,446,3481,18,,4,,,,,,18,592,,,116,7,2,26,,47,799,,,,11,98,18,,,,,93,,,2,,,,92,199,0,407,,,1,,,,,,,0,,,13,,1198,33,,55,196,5,1135,143,10,372,49,,42,,,,,,12,3,4,4,1,,,,,1,,,10,,0,,,,59,,13,18,,,,33,,,,,,101,,,,,160,,,6,86,10,,,,,,,5,,,14,,178,,,431,,,,,1,,368,12,,,,103,158,,,,,436,,,,,,,,166,15,,15,,542,,4,3,,,,264,,799,,,,,358,,57,132,,78,168,35,,695,,10,115,,,,,168,1094,,,2070,10,,,,,31,1,501,,,,20,,,21,,,221,,311,,,0,,25,21294
2006,3,9,,340,,,7,,,9,,,731,5,159,,63,221,,140,15,,,,,9,,,178,1,22,4,,,14,2,113,9,17,1093,2840,54,,1,,,,,,20,46,,,84,,,24,,47,724,,,,7,,4,,,,,132,,,68,,20,,97,406,0,720,,,,,,,,,,9,,,253,,1475,62,,421,303,13,1125,384,10,460,52,,44,,,,,,5,2,,9,,,1,,,16,,,53,,,,,,184,15,,,,,,75,,,,,,47,,,,,175,72,116,,304,6,,,16,,,,5,0,,557,,296,,,324,,,,,,,193,23,,,,439,220,,,,,60,,,,3,,,,205,15,,,9,73,,,3,,,,741,,1657,,,,,312,,96,69,,120,83,100,,503,13,12,99,,,,,2,529,,,1923,5,0,,,,375,2,634,,,,8,,,377,,,42,,38,,,28,,25,24377
2007,39,,5,507,,,31,,,24,,1,681,269,213,,27,88,10,,171,,3,,,2,,,188,,48,4,,,56,,481,,29,655,1642,226,,0,,,,19,,17,10,,,133,,,,,2,692,,,,28,4,18,,,,,141,,,75,,18,,161,71,16,1668,,,0,,,,,,,,,,196,,2281,578,,329,297,27,835,467,13,549,183,,82,11,,,,,288,,,51,5,,,,,16,,,4,,,,,,502,,8,,,,,,,,,,,27,,,,,153,,,,217,81,14,,62,,,,5,,,596,,12,,,694,,2,,,,,172,16,,,,966,60,,,27,,97,,,90,20,,,,227,12,,,,356,,0,2,,,,914,,1728,37,,,,343,,91,33,,51,108,20,,12,7,1,8,,,,6,,690,,,819,0,,,,,868,1,831,,,,3,,,771,,,8,,66,,,4,,,26522
2008,145,10,,1517,,,29,,,21,,,444,190,33,,21,12,10,,191,,,,,3,,,178,,117,,,,,1,423,0,82,391,1808,109,6,,,,,99,,,25,,,93,,,18,,102,335,,3,,30,,28,,,,,135,,,4,,,,132,278,,482,,0,,,,0,,,,,0,,5,,1644,246,,60,375,19,679,159,2,987,160,,25,,,,,,5,,7,46,1,,,,,16,,,27,,,,,3,500,,3,,,,,23,,,,14,,46,,,,,80,24,,1,140,3,,8,33,,,,5,,,603,,72,,,1073,,,,,,,,10,,,,633,144,,,,,76,,,,8,,,,387,6,,,,1110,,0,,,,,493,,1689,44,,,,347,,79,128,,51,17,294,,11,,,16,,,,,3,638,7,,728,14,,,,,570,0,968,,,12,78,,,737,,,182,,41,,,2,,,24123
2009,324,,,1070,,,20,,,15,,46,791,286,145,1,,,10,3,86,,1,,,5,,10,135,33,119,3,1,2,4,,104,,36,328,1403,249,,4,,,,4,,,6,,,130,,10,37,,77,161,,,,68,,42,,,,,42,,,74,,,16,38,331,11,1220,,,,,,,,,,20,,,4,,1884,445,,95,388,,156,94,,988,234,,39,34,,,,,9,,26,11,52,,,,,22,,,27,,,10,,,1291,,10,,,,,59,,,,,,39,,,,,62,15,420,,266,56,14,1,65,,,,4,,,571,,94,,,1192,,14,7,,,,43,1,,,,191,370,,,286,,56,,,8,11,,,,825,6,,,,1426,,9,10,,,,134,,796,1,,,,228,,21,88,,17,39,205,,36,34,25,63,,,,,,731,36,,602,26,,,,,399,,977,,,,29,,,358,,,60,,5,,,,,,24365
2010,360,,,831,,,,,,11,,52,1525,7,157,,100,36,,,35,,0,,,1,,10,256,33,8,0,2,,34,10,241,,42,473,942,261,,28,,,,11,,44,13,,,17,,50,151,,89,688,,,,3,,13,,54,,,52,,,106,,27,,,282,2,630,,,5,,,,,,1,20,,,18,,2898,229,,95,439,4,71,102,1,653,89,,58,116,,,,,85,,,15,64,,,,,37,,,8,,,10,,,213,5,,,,10,,109,,,,27,,309,,,,,59,3,,,181,78,,,189,,,,1,,,150,,31,,,2231,,5,,,3,,46,3,,,,169,892,,,30,,107,,,25,,,,,1093,4,16,,,962,,9,40,,,,178,,1297,2,,,,272,,4,182,,11,48,413,,71,,,60,18,1,,24,7,467,27,,643,37,,,,,502,,1085,,,8,20,30,,208,,,150,,261,,,,,,25724
2011,628,,,1132,,,,,,15,,5,1527,8,560,,4,117,,75,23,,0,,,25,,,239,229,29,15,,,,,356,7,1,327,1054,145,,5,,,,19,,41,71,,,,,12,,,68,632,,,,56,,1,,76,,,60,,,43,,5,,2,84,76,70,,,1,,,,,,2,,0,,8,50,3610,255,,94,585,,86,286,,299,214,,62,13,,,,,113,,14,27,1,,,,,8,,,1,,,,,,5,,0,8,,5,,224,,,,3,,1406,0,,,,668,1,,3,119,28,,,63,,,,,,,607,1,21,,,1146,,,,,8,,68,63,,,,137,165,,,190,,80,,,10,,,,,1172,16,,7,2,891,,,28,,,,208,,1568,61,,,,166,,21,173,,191,32,493,,169,,78,249,14,,,12,7,760,236,,1236,469,,,,,389,,1002,,,6,,,,596,,,1010,,47,,,1,,,29901
2012,519,,15,660,,,,,,5,,,819,8,378,,24,184,,75,29,,20,,,12,,6,319,20,5,3,5,10,77,9,207,,4,62,1573,207,1,23,,,,19,,6,22,,,101,6,,10,,88,283,,2,,60,,2,,193,,,79,,,87,,1,,,131,39,19,,2,4,,,,,,,,0,,,,4396,216,,40,500,,127,191,,235,175,,94,61,,,,,31,,19,9,31,,,,,73,,,1,,,1,,1,17,,9,8,,11,,252,,,,78,,879,0,,,,395,57,22,,253,30,,,28,,,,,0,,147,,122,,,1024,,,15,,7,,5,16,0,,,223,42,,,335,,21,,,121,5,,,,930,,0,,0,748,,2,,,,,127,,1076,2,,,,219,,,94,0,207,10,516,1,407,,115,278,,,,12,,1481,108,,1137,216,,,,,595,,1210,,,,,,,687,,,780,,38,,,61,,,27809
2013,255,2,7,361,,,30,,,13,,16,219,6,385,,69,650,,75,45,,2,,,1,,8,223,15,,,,,67,139,202,,59,55,1293,171,,33,,,,,,,15,,,38,5,,1,,11,678,,,,2,,18,,154,,,298,,,107,,2,,5,113,50,28,,,,,,,,,,,20,,2,,5367,828,,13,375,,216,71,1,339,75,,141,1,,,,,73,,19,5,25,,,,,116,,,73,,,,,2,77,5,6,,,,,51,,,,,,62,9,,,,250,9,,,450,26,,12,30,,,,,1,,51,,492,,,1105,,,36,,0,,15,78,,,,142,11,,,82,,20,,,184,15,,,,1526,,,10,1,755,,5,,,,3,1,,189,10,,,,155,,20,130,7,54,6,506,1,578,3,118,378,,,,,40,769,68,,2281,20,,,,,509,5,787,,,29,3,,,993,,,360,,23,,,,,,27247
2014,317,,7,710,,,2,,,6,,,883,2,621,30,1,203,,66,100,,,,,46,,,205,121,,,,,,122,316,,58,140,1082,167,,6,,,6,27,,,,,,165,15,,,,53,430,,20,,92,,2,,33,,,198,,,17,,,,1,95,14,204,,,5,,,,,,0,,13,,7,,3330,1196,,13,660,40,549,126,,329,197,,82,17,,,1,1,692,,,5,6,,,,,,,17,2,,,,,2,73,,1,12,,8,28,84,,,,,,572,16,,,,104,2,,5,8,84,13,3,228,,,,,,,16,,719,1,,860,,,,3,,,149,12,,,,258,3,0,,55,,0,,,207,14,,,,2743,7,,16,,66,,,1,,,,50,,738,36,,,,108,,5,61,,44,5,21,0,1060,,14,105,,15,,,49,1527,70,,733,2,,1,24,,217,23,591,2,,31,9,17,,181,,,1209,,6,,,,,,27195
2015,139,2,7,894,,,49,,,21,,,1465,1,328,16,17,636,,98,55,,,1,,,,,217,36,5,5,1,,,9,408,,1,145,1231,193,,2,,,5,11,,,0,,,42,1,1,3,,27,1444,,,,,,18,,10,,,293,,,44,,5,,,96,13,728,,33,,,,,,,,,8,,,,2928,436,,13,1471,43,688,236,2,356,231,,444,30,,,,1,331,4,7,3,48,,,,,,,37,13,,,,,2,118,,,10,,1,,318,,,,73,1,47,5,,,,246,,,14,59,90,14,10,192,,,,,,,143,,151,1,,771,,,,,,,201,153,,0,,140,1,,,520,,22,,,113,27,,,,3389,22,,,1,152,,,,,,1,2,,256,19,,,,152,,,123,3,26,12,22,,605,,20,180,,,5,46,7,445,169,,1179,6,,22,,,423,3,520,,,13,8,101,,125,,,851,,33,,,14,,,28484
2016,169,,,2911,,,152,,,17,,110,1026,13,274,20,25,449,,117,4,2,1,1,,27,,5,111,,,7,3,,,20,252,,2,40,1143,18,,,,,5,20,,,,,1,101,10,0,43,,26,1643,,,,,,29,,55,,,161,,,47,,3,,,55,22,302,,,,,,,,,,,,,14,,2782,378,,413,1787,43,622,750,22,345,231,,252,32,,,,,159,8,,28,28,,,,,,2,13,28,,,1,,0,272,,21,6,,35,28,315,,,,,0,287,45,,,,283,3,12,8,76,,86,0,50,,,,,0,,142,,447,,,830,,1,3,,,,202,228,,,,47,21,,,885,,177,,,127,,,,,2947,40,22,8,2,636,,,,,,2,,,1038,8,,,,104,,,109,,70,73,8,,97,7,20,342,,,,30,39,328,433,,941,1,,5,,,282,9,458,,,32,,56,,95,,,907,0,7,,,44,,,31213
2017,236,,2,1133,,,110,,,45,,18,1664,10,290,12,27,331,,147,7,,,,,7,0,,94,,,2,,,,8,369,,6,49,1306,91,,,,,14,13,,30,,,,52,,,,,20,2340,,1,,,,33,,51,,1,47,,,85,,,,7,43,,51,,,2,,,,,,,,10,20,5,,2892,1120,,3,943,2,535,713,,434,369,,218,16,,,,,114,12,2,30,50,,1,,,,,6,7,,,1,,,196,,31,8,,,19,209,,,,,,605,,,,,211,35,25,1,36,,7,3,41,,,,,,,352,,782,,,868,,,15,0,,,64,278,,,,128,8,,,619,,88,,,93,8,,,,3920,47,65,,,403,,47,,,,2,,,962,,,,,82,,45,68,,32,34,37,2,493,19,2,326,,,,,97,429,97,,832,22,,4,,,1002,,527,,,17,,8,,,,,781,,6,,,46,,,31438
2018,313,0,2,1282,,,272,,,17,,,1582,6,365,,72,155,,142,1,,,,,1,,5,262,,,23,,,5,2,184,2,7,73,2119,16,,0,,0,9,2,,,7,,0,49,,,1,,5,1638,,1,,18,,17,,12,,,87,,,193,,,,41,14,0,39,,4,1,,,0,,,,,1,,27,,2118,325,,3,452,5,494,287,19,755,184,,299,6,,,1,,96,1,117,21,52,,1,,,,,11,8,,,,1,,93,,25,,,1,,15,,,,,15,462,,,,,192,,21,7,140,6,,1,49,,,,,,,527,,282,,,886,,,8,10,,,103,17,,,,57,19,,,581,,35,,,62,3,,,,3276,15,3,10,,568,,34,,,,,,,1140,,,,,149,,100,33,,7,10,199,,99,4,16,634,,,,,181,488,,,1136,10,,70,,,518,,380,,,31,10,116,,14,,,603,,9,,,,,,27807
2019,383,3,5,167,,,169,,,49,,248,1186,17,44,,17,714,,333,9,,,,,34,0,8,139,,2,7,2,3,1,4,178,,1,33,1503,22,,3,,8,15,5,,19,1,,,43,8,,,,3,1157,,2,,,,18,,74,,,86,,,94,,26,,6,38,2,93,,14,4,,,2,,,,,23,,16,,3470,234,,3,145,36,519,177,3,972,229,,230,18,,,,,55,15,27,31,58,,1,,,,19,26,39,,,3,,,68,,18,,,34,,,,,,17,,48,22,,,,196,,70,36,494,3,13,5,18,,,,,,,401,,86,,,733,,1,,,2,,0,185,,,,264,44,,,2048,,13,,,5,1,,,7,3484,40,155,,,489,,15,,,7,8,,,1495,,,,,35,,59,18,,7,10,36,1,64,5,,278,,6,7,,15,756,,7,810,36,,23,,,342,,890,,,48,,78,,,,,160,,,,,43,,,27607
2020,234,,1,675,,,51,,,7,,,1655,13,37,,27,59,,13,90,,1,,,26,0,85,140,,44,2,,,,0,220,1,4,295,884,77,,,,,3,,,30,9,,,62,1,4,6,,21,1403,,4,,,,25,2,24,,7,53,,,215,,,,,53,10,101,,,,,,,,,,,0,,55,,2847,276,,2,4,11,367,201,10,923,157,,269,71,,,3,,66,,17,10,40,,,,0,,0,188,97,,,88,1,,57,3,44,,,,,242,,,,,5,12,1,,,,216,,465,,575,125,,18,108,,,,,,,427,,85,,,688,7,,,,,,28,348,,,,143,45,,,838,,189,,,1,,,,,2491,22,132,,,154,,25,,,,2,,,1276,,,,,71,,,,,3,10,84,,93,,8,145,,5,7,,15,96,,,564,67,,18,,,652,,801,,,29,25,46,,79,,,32,,,,,3,,,24000
2021,65,,,237,,,,,,77,,32,1260,34,,,183,73,,69,255,,,4,,,12,32,247,0,1,28,,,28,3,256,1,43,57,981,44,,3,,,10,,,11,33,,,303,45,,,,14,1287,,4,,0,,18,,11,,,53,,,41,,2,,,192,,246,,,1,,,5,,,,,4,,19,,4167,321,,,0,,476,210,28,947,67,,85,4,,7,10,,904,1,3,15,40,,,,,,,5,130,,,,,,133,,36,,,,1,3,,,,,1,235,16,,,,64,,240,0,652,7,,16,261,,,,,,,514,,4,,,1180,,,4,14,5,,97,337,,,,74,6,,,2075,,183,,,6,58,,,,1739,21,116,,,156,,,9,,7,2,,,798,8,,,,135,,54,,,122,10,11,,128,,52,146,,10,,32,23,272,348,,508,7,,39,,,878,,868,,,7,3,47,7,,,,244,,,,,19,,,26792
2022,,,,158,,,46,,0,39,,27,761,4,,,364,184,,225,158,,1,,,,,13,472,,4,1,,,14,2,155,,4,212,807,44,,,,,16,29,,,69,,,145,17,5,1,,1,701,,7,,,,17,,35,,,34,,,22,,,,2,182,4,493,,4,,,,,,,,,,,59,,2846,68,,,55,,829,236,,1291,32,,4,1,,,1,,2249,12,,20,5,,,,,,,5,98,,,0,,19,71,,58,45,,,4,,7,,,,2,352,5,,,,394,,240,,695,157,,26,54,,,,,6,,848,,5,,,1565,,,8,,,,26,338,,,,639,,,,3342,,126,,,129,,,,,2272,18,335,,,361,,2,,,,,30,,408,8,,,,173,,7,,,318,,,,140,3,,113,,42,,,8,184,,,681,48,,2644,,,799,,837,,,6,5,,,,,,95,,,,,2,,,31983
